{
  "companies": [
{
  "name": "Nefzger",
  "URL_Name": "nefzger",
  "URL_ID": "81"
},

{
  "name": "Weller Gruppe",
  "URL_Name": "weller-gruppe",
  "URL_ID": "31"
},

{
  "name": "Menton",
  "URL_Name": "menton",
  "URL_ID": "6"
},

{
  "name": "Widmann Winterholler",
  "URL_Name": "widmann-winterholler",
  "URL_ID": "91"
},

{
  "name": "Autohaus Briem",
  "URL_Name": "autohaus-briem",
  "URL_ID": "75"
},

{
  "name": "Autohaus Ehrl",
  "URL_Name": "autohaus-ehrl",
  "URL_ID": "79"
},

{
  "name": "Cuntz",
  "URL_Name": "cuntz",
  "URL_ID": "35"
},

{
  "name": "Fett und Wirtz",
  "URL_Name": "fett-und-wirtz",
  "URL_ID": "92"
},

{
  "name": "Karl Co",
  "URL_Name": "karl-co",
  "URL_ID": "33"
},

{
  "name": "Motorheimat",
  "URL_Name": "motorheimat",
  "URL_ID": "74"
},

{
  "name": "Reisacher",
  "URL_Name": "reisacher",
  "URL_ID": "84"
},

{
  "name": "Sperber",
  "URL_Name": "sperber",
  "URL_ID": "28"
},

{
  "name": "Timmermanns",
  "URL_Name": "timmermanns",
  "URL_ID": "37"
},

{
  "name": "Krah-Enders",
  "URL_Name": "krah-enders",
  "URL_ID": "99"
},

{
  "name": "Becker Tiemann",
  "URL_Name": "becker-tiemann",
  "URL_ID": "100"
},

{
  "name": "Geyrhofer",
  "URL_Name": "geyrhofer-bmw",
  "URL_ID": "101"
},

{
  "name": "Lell",
  "URL_Name": "lell-gruppe",
  "URL_ID": "95"
},

{
  "name": "Overdreef",
  "URL_Name": "overdreef",
  "URL_ID": "102"
},

{
  "name": "Spaett",
  "URL_Name": "spaett",
  "URL_ID": "98"
},

{
  "name": "Gottstein",
  "URL_Name": "gottstein",
  "URL_ID": "103"
}


  ],
"locations": [
  { "name": "Reutlingen", "order": 1},
  { "name": "Tübingen", "order": 2},
  { "name": "Bamberg", "order": 3},
  { "name": "Lichtenfels", "order": 4},
  { "name": "Speyer", "order": 5},
  { "name": "Neustadt", "order": 6},
  { "name": "Wiesbaden", "order": 7},
  { "name": "Mainz", "order": 8},
  { "name": "Rüsselsheim", "order": 9},

  { "name": "Idstein", "order": 10},
  { "name": "Limburg", "order": 11},
  { "name": "Fulda", "order": 12},
  { "name": "Maintal", "order": 13},

  { "name": "Neuss", "order": 14},
  { "name": "Kaarst", "order": 15},
  { "name": "Nettetal", "order": 16},
  { "name": "Düsseldorf", "order": 17},

  { "name": "Bad Homburg", "order": 18},
  { "name": "Bad Oeynhausen", "order": 19},
  { "name": "Kirchseeon", "order": 20},
  { "name": "Oberhaching", "order": 21},
  { "name": "Traunstein", "order": 22},
  { "name": "Altenmarkt", "order": 23},
  { "name": "Wasserburg", "order": 24},
  { "name": "Nürtingen", "order": 25},
  { "name": "Filderstadt", "order": 26},
  { "name": "Ulm", "order": 27, "color": "FF90EE90" },
  { "name": "Spandauer Damm", "order": 28, "color": "FF90EE90" },
  { "name": "Nonnendammallee", "order": 29, "color": "FF90EE90" },
  { "name": "Geldern", "order": 30, "color": "FF90EE90" },
  { "name": "Dachau", "order": 31, "color": "FF90EE90" },
  { "name": "Potsdam", "order": 32},
  


  { "name": "Bünde", "order": 33, "color": "FF90EE90" },
  { "name": "Lemgo", "order": 34, "color": "FF90EE90" },
  { "name": "Wels", "order": 35, "color": "FF90EE90" },
  { "name": "Schwandorf", "order": 36, "color": "FF90EE90" },
  { "name": "Duisburg", "order": 37, "color": "FF90EE90" },
  { "name": "Ismaning", "order": 38, "color": "FF90EE90" },
  { "name": "Erding", "order": 39, "color": "FF90EE90" },
  { "name": "Freising", "order": 40, "color": "FF90EE90" },
  { "name": "Binzen", "order": 41, "color": "FF90EE90" }, 
  { "name": "Schlüchtern", "order": 42},
  { "name": "Bad Hersfeld", "order": 43}
  
]

}



